{
    "79.07205846": 4117.212637,
    "80.85317048": 4080.10823,
    "87.56332252": 2799.037325,
    "87.85692076": 2674.758103,
    "88.63639074": 2517.326032,
    "88.93138877": 2431.466892,
    "91.46257335": 2097.333376,
    "93.15012256": 1855.542866,
    "94.54012314": 1411.701838,
    "94.54931621": 1403.373919
}