{
    "CarYear": 2363.696290,
    "Variance": 2212.886077,
    "Model": 1157.490313,
    "Horsepower": 1095.783243,
    "CarAge": 647.165035,
    "Kilometers": 498.657677,
    "Cubic": 179.923142,
    "Cluster": 126.800360,
    "Fuel_Petrol": 54.028984
}