{
    "CarYear": 3843.708522,
    "Variance": 2685.627461,
    "Horsepower": 1226.760001,
    "Model": 1168.344977,
    "Kilometers": 598.577391,
    "Cubic (CC)": 480.00,
    "Transmission": 360.00,
    "Width": 240.00,
    "Length": 120.00,
    "Fuel_3": 80.00
}